{
  "MNIST-64-1-16.A1": {
    "correct_train": 47359,
    "n_sample_train": 59000,
    "correct_test": 7919,
    "n_sample_test": 10000,
    "distance_to_initialization": 2.461167404789208,
    "n_param": "130428",
    "cfg": [
      16,
      "A"
    ],
    "batchsize": 64,
    "epochs": 1,
    "dataset_name": "FASHION-MNIST"
  },
  "MNIST-64-1-16.36.A1": {
    "train_acc": 0.8278813559322034,
    "test_acc": 0.8163,
    "distance_to_initialization": 13.136289945732821,
    "n_param": "296892",
    "cfg": [
      16,
      36,
      "A"
    ],
    "batchsize": 64,
    "epochs": 1,
    "dataset_name": "FASHION-MNIST"
  },
  "MNIST-64-5-16.361": {
    "train_acc": 0.8982711864406779,
    "test_acc": 0.8793,
    "distance_to_initialization": 11.229834761059433,
    "n_param": "4651452",
    "cfg": [
      16,
      36
    ],
    "batchsize": 64,
    "epochs": 5,
    "dataset_name": "FASHION-MNIST"
  },
  "MNIST-64-5-126.126.1261": {
    "train_acc": 0.9395254237288135,
    "test_acc": 0.908,
    "distance_to_initialization": 18.006376284848535,
    "n_param": "16545186",
    "cfg": [
      126,
      126,
      126
    ],
    "batchsize": 64,
    "epochs": 5,
    "dataset_name": "FASHION-MNIST"
  }
}